{
  "Boredom": {
    "state": "Boredom",
    "threshold": 0.05,
    "top_features": {
      "n_frames": 0.04977055639028549,
      "p_happy_max": 0.03255661949515343,
      "p_surprise_min": 0.02811238169670105,
      "p_angry_max": 0.028030600398778915,
      "p_angry_mean": 0.02781483344733715,
      "p_fear_max": 0.027046049013733864,
      "p_disgust_std": 0.026747986674308777,
      "p_sad_std": 0.026529602706432343,
      "p_surprise_max": 0.025842048227787018,
      "p_fear_min": 0.02525029145181179
    },
    "metrics": {
      "train": {
        "accuracy": 0.24453985439611722,
        "precision": 0.23279620853080568,
        "recall": 1.0,
        "f1": 0.3776718437644164,
        "kappa": 0.009203894983499605
      },
      "val": {
        "accuracy": 0.42547235829251223,
        "precision": 0.42507002801120447,
        "recall": 1.0,
        "f1": 0.5965601965601965,
        "kappa": 0.0010336991016013375
      },
      "test": {
        "accuracy": 0.21748878923766815,
        "precision": 0.212633953750705,
        "recall": 1.0,
        "f1": 0.35069767441860467,
        "kappa": 0.0033192490029044786
      }
    }
  },
  "Confusion": {
    "state": "Confusion",
    "threshold": 0.2,
    "top_features": {
      "p_disgust_std": 0.042268138378858566,
      "p_disgust_max": 0.03379352018237114,
      "p_neutral_mean": 0.027626099064946175,
      "p_happy_std": 0.027221977710723877,
      "p_surprise_std": 0.026732638478279114,
      "p_sad_max": 0.026643656194210052,
      "p_sad_std": 0.02553669922053814,
      "p_fear_min": 0.02522137202322483,
      "p_neutral_min": 0.025140704587101936,
      "p_fear_max": 0.025027990341186523
    },
    "metrics": {
      "train": {
        "accuracy": 0.45137203658764236,
        "precision": 0.14439592430858805,
        "recall": 1.0,
        "f1": 0.25235309081658613,
        "kappa": 0.10801883898262787
      },
      "val": {
        "accuracy": 0.4562631210636809,
        "precision": 0.13484486873508353,
        "recall": 0.6848484848484848,
        "f1": 0.22532402791625125,
        "kappa": 0.040124590770497015
      },
      "test": {
        "accuracy": 0.4344170403587444,
        "precision": 0.09428571428571429,
        "recall": 0.6305732484076433,
        "f1": 0.164043082021541,
        "kappa": 0.012904230560850327
      }
    }
  },
  "Frustration": {
    "state": "Frustration",
    "threshold": 0.24000000000000005,
    "top_features": {
      "p_disgust_std": 0.03486417979001999,
      "p_surprise_max": 0.028729740530252457,
      "n_frames": 0.02852179855108261,
      "p_angry_mean": 0.02814403921365738,
      "p_disgust_mean": 0.027786007151007652,
      "p_surprise_std": 0.026610292494297028,
      "p_happy_std": 0.025979893282055855,
      "p_neutral_slope": 0.025701390579342842,
      "p_happy_mean": 0.025030557066202164,
      "p_sad_std": 0.024958711117506027
    },
    "metrics": {
      "train": {
        "accuracy": 0.8146350569348516,
        "precision": 0.19070904645476772,
        "recall": 1.0,
        "f1": 0.3203285420944558,
        "kappa": 0.26651256470152185
      },
      "val": {
        "accuracy": 0.7802659202239328,
        "precision": 0.1310344827586207,
        "recall": 0.38,
        "f1": 0.19487179487179487,
        "kappa": 0.10134786004686458
      },
      "test": {
        "accuracy": 0.7668161434977578,
        "precision": 0.05789473684210526,
        "recall": 0.275,
        "f1": 0.09565217391304348,
        "kappa": 0.02328911349757845
      }
    }
  },
  "Engagement": {
    "state": "Engagement",
    "threshold": 0.05,
    "top_features": {
      "p_sad_std": 0.03590463474392891,
      "p_angry_min": 0.030145656317472458,
      "p_surprise_std": 0.029758239164948463,
      "n_frames": 0.029743557795882225,
      "p_happy_max": 0.027579978108406067,
      "p_disgust_max": 0.027149807661771774,
      "p_neutral_min": 0.02683791145682335,
      "p_sad_slope": 0.02667328715324402,
      "p_disgust_min": 0.026576368138194084,
      "p_happy_skew": 0.025052310898900032
    },
    "metrics": {
      "train": {
        "accuracy": 0.9538921037894343,
        "precision": 0.9538921037894343,
        "recall": 1.0,
        "f1": 0.9764020254132034,
        "kappa": 0.0
      },
      "val": {
        "accuracy": 0.8838348495451365,
        "precision": 0.8838348495451365,
        "recall": 1.0,
        "f1": 0.9383358098068351,
        "kappa": 0.0
      },
      "test": {
        "accuracy": 0.9506726457399103,
        "precision": 0.9506726457399103,
        "recall": 1.0,
        "f1": 0.9747126436781609,
        "kappa": 0.0
      }
    }
  }
}